11,12,13,14,15
16111630,16121630,16131630,16141630,16151630
16111631,16121631,16131631,16141631,16151631
16111632,16121632,16131632,16141632,16151632
16111645,16121645,16131645,16141645,16151645
16111667,16121667,16131667,16141667,16151667
16111730,16121730,16131730,16141730,16151730
16111731,16121731,16131731,16141731,16151731
16111732,16121732,16131732,16141732,16151732
16111745,16121745,16131745,16141745,16151745
16111767,16121767,16131767,16141767,16151767
16111830,16121830,16131830,16141830,16151830
16111831,16121831,16131831,16141831,16151831
16111832,16121832,16131832,16141832,16151832
16111845,16121845,16131845,16141845,16151845
16111867,16121867,16131867,16141867,16151867
16111930,16121930,16131930,16141930,16151930
16111931,16121931,16131931,16141931,16151931
16111932,16121932,16131932,16141932,16151932
16111945,16121945,16131945,16141945,16151945
16111967,16121967,16131967,16141967,16151967
16112030,16122030,16132030,16142030,16152030
16112031,16122031,16132031,16142031,16152031
16112032,16122032,16132032,16142032,16152032
16112045,16122045,16132045,16142045,16152045
16112067,16122067,16132067,16142067,16152067
17111630,17121630,17131630,17141630,17151630
17111631,17121631,17131631,17141631,17151631
17111632,17121632,17131632,17141632,17151632
17111645,17121645,17131645,17141645,17151645
17111667,17121667,17131667,17141667,17151667
17111730,17121730,17131730,17141730,17151730
17111731,17121731,17131731,17141731,17151731
17111732,17121732,17131732,17141732,17151732
17111745,17121745,17131745,17141745,17151745
17111767,17121767,17131767,17141767,17151767
17111830,17121830,17131830,17141830,17151830
17111831,17121831,17131831,17141831,17151831
17111832,17121832,17131832,17141832,17151832
17111845,17121845,17131845,17141845,17151845
17111867,17121867,17131867,17141867,17151867
17111930,17121930,17131930,17141930,17151930
17111931,17121931,17131931,17141931,17151931
17111932,17121932,17131932,17141932,17151932
17111945,17121945,17131945,17141945,17151945
17111967,17121967,17131967,17141967,17151967
17112030,17122030,17132030,17142030,17152030
17112031,17122031,17132031,17142031,17152031
17112032,17122032,17132032,17142032,17152032
17112045,17122045,17132045,17142045,17152045
17112067,17122067,17132067,17142067,17152067
18111630,18121630,18131630,18141630,18151630
18111631,18121631,18131631,18141631,18151631
18111632,18121632,18131632,18141632,18151632
18111645,18121645,18131645,18141645,18151645
18111667,18121667,18131667,18141667,18151667
18111730,18121730,18131730,18141730,18151730
18111731,18121731,18131731,18141731,18151731
18111732,18121732,18131732,18141732,18151732
18111745,18121745,18131745,18141745,18151745
18111767,18121767,18131767,18141767,18151767
18111830,18121830,18131830,18141830,18151830
18111831,18121831,18131831,18141831,18151831
18111832,18121832,18131832,18141832,18151832
18111845,18121845,18131845,18141845,18151845
18111867,18121867,18131867,18141867,18151867
18111930,18121930,18131930,18141930,18151930
18111931,18121931,18131931,18141931,18151931
18111932,18121932,18131932,18141932,18151932
18111945,18121945,18131945,18141945,18151945
18111967,18121967,18131967,18141967,18151967
18112030,18122030,18132030,18142030,18152030
18112031,18122031,18132031,18142031,18152031
18112032,18122032,18132032,18142032,18152032
18112045,18122045,18132045,18142045,18152045
18112067,18122067,18132067,18142067,18152067
19111630,19121630,19131630,19141630,19151630
19111631,19121631,19131631,19141631,19151631
19111632,19121632,19131632,19141632,19151632
19111645,19121645,19131645,19141645,19151645
19111667,19121667,19131667,19141667,19151667
19111730,19121730,19131730,19141730,19151730
19111731,19121731,19131731,19141731,19151731
19111732,19121732,19131732,19141732,19151732
19111745,19121745,19131745,19141745,19151745
19111767,19121767,19131767,19141767,19151767
19111830,19121830,19131830,19141830,19151830
19111831,19121831,19131831,19141831,19151831
19111832,19121832,19131832,19141832,19151832
19111845,19121845,19131845,19141845,19151845
19111867,19121867,19131867,19141867,19151867
19111930,19121930,19131930,19141930,19151930
19111931,19121931,19131931,19141931,19151931
19111932,19121932,19131932,19141932,19151932
19111945,19121945,19131945,19141945,19151945
19111967,19121967,19131967,19141967,19151967
19112030,19122030,19132030,19142030,19152030
19112031,19122031,19132031,19142031,19152031
19112032,19122032,19132032,19142032,19152032
19112045,19122045,19132045,19142045,19152045
19112067,19122067,19132067,19142067,19152067
110111630,110121630,110131630,110141630,110151630
110111631,110121631,110131631,110141631,110151631
110111632,110121632,110131632,110141632,110151632
110111645,110121645,110131645,110141645,110151645
110111667,110121667,110131667,110141667,110151667
110111730,110121730,110131730,110141730,110151730
110111731,110121731,110131731,110141731,110151731
110111732,110121732,110131732,110141732,110151732
110111745,110121745,110131745,110141745,110151745
110111767,110121767,110131767,110141767,110151767
110111830,110121830,110131830,110141830,110151830
110111831,110121831,110131831,110141831,110151831
110111832,110121832,110131832,110141832,110151832
110111845,110121845,110131845,110141845,110151845
110111867,110121867,110131867,110141867,110151867
110111930,110121930,110131930,110141930,110151930
110111931,110121931,110131931,110141931,110151931
110111932,110121932,110131932,110141932,110151932
110111945,110121945,110131945,110141945,110151945
110111967,110121967,110131967,110141967,110151967
110112030,110122030,110132030,110142030,110152030
110112031,110122031,110132031,110142031,110152031
110112032,110122032,110132032,110142032,110152032
110112045,110122045,110132045,110142045,110152045
110112067,110122067,110132067,110142067,110152067
26111630,26121630,26131630,26141630,26151630
26111631,26121631,26131631,26141631,26151631
26111632,26121632,26131632,26141632,26151632
26111645,26121645,26131645,26141645,26151645
26111667,26121667,26131667,26141667,26151667
26111730,26121730,26131730,26141730,26151730
26111731,26121731,26131731,26141731,26151731
26111732,26121732,26131732,26141732,26151732
26111745,26121745,26131745,26141745,26151745
26111767,26121767,26131767,26141767,26151767
26111830,26121830,26131830,26141830,26151830
26111831,26121831,26131831,26141831,26151831
26111832,26121832,26131832,26141832,26151832
26111845,26121845,26131845,26141845,26151845
26111867,26121867,26131867,26141867,26151867
26111930,26121930,26131930,26141930,26151930
26111931,26121931,26131931,26141931,26151931
26111932,26121932,26131932,26141932,26151932
26111945,26121945,26131945,26141945,26151945
26111967,26121967,26131967,26141967,26151967
26112030,26122030,26132030,26142030,26152030
26112031,26122031,26132031,26142031,26152031
26112032,26122032,26132032,26142032,26152032
26112045,26122045,26132045,26142045,26152045
26112067,26122067,26132067,26142067,26152067
27111630,27121630,27131630,27141630,27151630
27111631,27121631,27131631,27141631,27151631
27111632,27121632,27131632,27141632,27151632
27111645,27121645,27131645,27141645,27151645
27111667,27121667,27131667,27141667,27151667
27111730,27121730,27131730,27141730,27151730
27111731,27121731,27131731,27141731,27151731
27111732,27121732,27131732,27141732,27151732
27111745,27121745,27131745,27141745,27151745
27111767,27121767,27131767,27141767,27151767
27111830,27121830,27131830,27141830,27151830
27111831,27121831,27131831,27141831,27151831
27111832,27121832,27131832,27141832,27151832
27111845,27121845,27131845,27141845,27151845
27111867,27121867,27131867,27141867,27151867
27111930,27121930,27131930,27141930,27151930
27111931,27121931,27131931,27141931,27151931
27111932,27121932,27131932,27141932,27151932
27111945,27121945,27131945,27141945,27151945
27111967,27121967,27131967,27141967,27151967
27112030,27122030,27132030,27142030,27152030
27112031,27122031,27132031,27142031,27152031
27112032,27122032,27132032,27142032,27152032
27112045,27122045,27132045,27142045,27152045
27112067,27122067,27132067,27142067,27152067
28111630,28121630,28131630,28141630,28151630
28111631,28121631,28131631,28141631,28151631
28111632,28121632,28131632,28141632,28151632
28111645,28121645,28131645,28141645,28151645
28111667,28121667,28131667,28141667,28151667
28111730,28121730,28131730,28141730,28151730
28111731,28121731,28131731,28141731,28151731
28111732,28121732,28131732,28141732,28151732
28111745,28121745,28131745,28141745,28151745
28111767,28121767,28131767,28141767,28151767
28111830,28121830,28131830,28141830,28151830
28111831,28121831,28131831,28141831,28151831
28111832,28121832,28131832,28141832,28151832
28111845,28121845,28131845,28141845,28151845
28111867,28121867,28131867,28141867,28151867
28111930,28121930,28131930,28141930,28151930
28111931,28121931,28131931,28141931,28151931
28111932,28121932,28131932,28141932,28151932
28111945,28121945,28131945,28141945,28151945
28111967,28121967,28131967,28141967,28151967
28112030,28122030,28132030,28142030,28152030
28112031,28122031,28132031,28142031,28152031
28112032,28122032,28132032,28142032,28152032
28112045,28122045,28132045,28142045,28152045
28112067,28122067,28132067,28142067,28152067
29111630,29121630,29131630,29141630,29151630
29111631,29121631,29131631,29141631,29151631
29111632,29121632,29131632,29141632,29151632
29111645,29121645,29131645,29141645,29151645
29111667,29121667,29131667,29141667,29151667
29111730,29121730,29131730,29141730,29151730
29111731,29121731,29131731,29141731,29151731
29111732,29121732,29131732,29141732,29151732
29111745,29121745,29131745,29141745,29151745
29111767,29121767,29131767,29141767,29151767
29111830,29121830,29131830,29141830,29151830
29111831,29121831,29131831,29141831,29151831
29111832,29121832,29131832,29141832,29151832
29111845,29121845,29131845,29141845,29151845
29111867,29121867,29131867,29141867,29151867
29111930,29121930,29131930,29141930,29151930
29111931,29121931,29131931,29141931,29151931
29111932,29121932,29131932,29141932,29151932
29111945,29121945,29131945,29141945,29151945
29111967,29121967,29131967,29141967,29151967
29112030,29122030,29132030,29142030,29152030
29112031,29122031,29132031,29142031,29152031
29112032,29122032,29132032,29142032,29152032
29112045,29122045,29132045,29142045,29152045
29112067,29122067,29132067,29142067,29152067
210111630,210121630,210131630,210141630,210151630
210111631,210121631,210131631,210141631,210151631
210111632,210121632,210131632,210141632,210151632
210111645,210121645,210131645,210141645,210151645
210111667,210121667,210131667,210141667,210151667
210111730,210121730,210131730,210141730,210151730
210111731,210121731,210131731,210141731,210151731
210111732,210121732,210131732,210141732,210151732
210111745,210121745,210131745,210141745,210151745
210111767,210121767,210131767,210141767,210151767
210111830,210121830,210131830,210141830,210151830
210111831,210121831,210131831,210141831,210151831
210111832,210121832,210131832,210141832,210151832
210111845,210121845,210131845,210141845,210151845
210111867,210121867,210131867,210141867,210151867
210111930,210121930,210131930,210141930,210151930
210111931,210121931,210131931,210141931,210151931
210111932,210121932,210131932,210141932,210151932
210111945,210121945,210131945,210141945,210151945
210111967,210121967,210131967,210141967,210151967
210112030,210122030,210132030,210142030,210152030
210112031,210122031,210132031,210142031,210152031
210112032,210122032,210132032,210142032,210152032
210112045,210122045,210132045,210142045,210152045
210112067,210122067,210132067,210142067,210152067
36111630,36121630,36131630,36141630,36151630
36111631,36121631,36131631,36141631,36151631
36111632,36121632,36131632,36141632,36151632
36111645,36121645,36131645,36141645,36151645
36111667,36121667,36131667,36141667,36151667
36111730,36121730,36131730,36141730,36151730
36111731,36121731,36131731,36141731,36151731
36111732,36121732,36131732,36141732,36151732
36111745,36121745,36131745,36141745,36151745
36111767,36121767,36131767,36141767,36151767
36111830,36121830,36131830,36141830,36151830
36111831,36121831,36131831,36141831,36151831
36111832,36121832,36131832,36141832,36151832
36111845,36121845,36131845,36141845,36151845
36111867,36121867,36131867,36141867,36151867
36111930,36121930,36131930,36141930,36151930
36111931,36121931,36131931,36141931,36151931
36111932,36121932,36131932,36141932,36151932
36111945,36121945,36131945,36141945,36151945
36111967,36121967,36131967,36141967,36151967
36112030,36122030,36132030,36142030,36152030
36112031,36122031,36132031,36142031,36152031
36112032,36122032,36132032,36142032,36152032
36112045,36122045,36132045,36142045,36152045
36112067,36122067,36132067,36142067,36152067
37111630,37121630,37131630,37141630,37151630
37111631,37121631,37131631,37141631,37151631
37111632,37121632,37131632,37141632,37151632
37111645,37121645,37131645,37141645,37151645
37111667,37121667,37131667,37141667,37151667
37111730,37121730,37131730,37141730,37151730
37111731,37121731,37131731,37141731,37151731
37111732,37121732,37131732,37141732,37151732
37111745,37121745,37131745,37141745,37151745
37111767,37121767,37131767,37141767,37151767
37111830,37121830,37131830,37141830,37151830
37111831,37121831,37131831,37141831,37151831
37111832,37121832,37131832,37141832,37151832
37111845,37121845,37131845,37141845,37151845
37111867,37121867,37131867,37141867,37151867
37111930,37121930,37131930,37141930,37151930
37111931,37121931,37131931,37141931,37151931
37111932,37121932,37131932,37141932,37151932
37111945,37121945,37131945,37141945,37151945
37111967,37121967,37131967,37141967,37151967
37112030,37122030,37132030,37142030,37152030
37112031,37122031,37132031,37142031,37152031
37112032,37122032,37132032,37142032,37152032
37112045,37122045,37132045,37142045,37152045
37112067,37122067,37132067,37142067,37152067
38111630,38121630,38131630,38141630,38151630
38111631,38121631,38131631,38141631,38151631
38111632,38121632,38131632,38141632,38151632
38111645,38121645,38131645,38141645,38151645
38111667,38121667,38131667,38141667,38151667
38111730,38121730,38131730,38141730,38151730
38111731,38121731,38131731,38141731,38151731
38111732,38121732,38131732,38141732,38151732
38111745,38121745,38131745,38141745,38151745
38111767,38121767,38131767,38141767,38151767
38111830,38121830,38131830,38141830,38151830
38111831,38121831,38131831,38141831,38151831
38111832,38121832,38131832,38141832,38151832
38111845,38121845,38131845,38141845,38151845
38111867,38121867,38131867,38141867,38151867
38111930,38121930,38131930,38141930,38151930
38111931,38121931,38131931,38141931,38151931
38111932,38121932,38131932,38141932,38151932
38111945,38121945,38131945,38141945,38151945
38111967,38121967,38131967,38141967,38151967
38112030,38122030,38132030,38142030,38152030
38112031,38122031,38132031,38142031,38152031
38112032,38122032,38132032,38142032,38152032
38112045,38122045,38132045,38142045,38152045
38112067,38122067,38132067,38142067,38152067
39111630,39121630,39131630,39141630,39151630
39111631,39121631,39131631,39141631,39151631
39111632,39121632,39131632,39141632,39151632
39111645,39121645,39131645,39141645,39151645
39111667,39121667,39131667,39141667,39151667
39111730,39121730,39131730,39141730,39151730
39111731,39121731,39131731,39141731,39151731
39111732,39121732,39131732,39141732,39151732
39111745,39121745,39131745,39141745,39151745
39111767,39121767,39131767,39141767,39151767
39111830,39121830,39131830,39141830,39151830
39111831,39121831,39131831,39141831,39151831
39111832,39121832,39131832,39141832,39151832
39111845,39121845,39131845,39141845,39151845
39111867,39121867,39131867,39141867,39151867
39111930,39121930,39131930,39141930,39151930
39111931,39121931,39131931,39141931,39151931
39111932,39121932,39131932,39141932,39151932
39111945,39121945,39131945,39141945,39151945
39111967,39121967,39131967,39141967,39151967
39112030,39122030,39132030,39142030,39152030
39112031,39122031,39132031,39142031,39152031
39112032,39122032,39132032,39142032,39152032
39112045,39122045,39132045,39142045,39152045
39112067,39122067,39132067,39142067,39152067
310111630,310121630,310131630,310141630,310151630
310111631,310121631,310131631,310141631,310151631
310111632,310121632,310131632,310141632,310151632
310111645,310121645,310131645,310141645,310151645
310111667,310121667,310131667,310141667,310151667
310111730,310121730,310131730,310141730,310151730
310111731,310121731,310131731,310141731,310151731
310111732,310121732,310131732,310141732,310151732
310111745,310121745,310131745,310141745,310151745
310111767,310121767,310131767,310141767,310151767
310111830,310121830,310131830,310141830,310151830
310111831,310121831,310131831,310141831,310151831
310111832,310121832,310131832,310141832,310151832
310111845,310121845,310131845,310141845,310151845
310111867,310121867,310131867,310141867,310151867
310111930,310121930,310131930,310141930,310151930
310111931,310121931,310131931,310141931,310151931
310111932,310121932,310131932,310141932,310151932
310111945,310121945,310131945,310141945,310151945
310111967,310121967,310131967,310141967,310151967
310112030,310122030,310132030,310142030,310152030
310112031,310122031,310132031,310142031,310152031
310112032,310122032,310132032,310142032,310152032
310112045,310122045,310132045,310142045,310152045
310112067,310122067,310132067,310142067,310152067
46111630,46121630,46131630,46141630,46151630
46111631,46121631,46131631,46141631,46151631
46111632,46121632,46131632,46141632,46151632
46111645,46121645,46131645,46141645,46151645
46111667,46121667,46131667,46141667,46151667
46111730,46121730,46131730,46141730,46151730
46111731,46121731,46131731,46141731,46151731
46111732,46121732,46131732,46141732,46151732
46111745,46121745,46131745,46141745,46151745
46111767,46121767,46131767,46141767,46151767
46111830,46121830,46131830,46141830,46151830
46111831,46121831,46131831,46141831,46151831
46111832,46121832,46131832,46141832,46151832
46111845,46121845,46131845,46141845,46151845
46111867,46121867,46131867,46141867,46151867
46111930,46121930,46131930,46141930,46151930
46111931,46121931,46131931,46141931,46151931
46111932,46121932,46131932,46141932,46151932
46111945,46121945,46131945,46141945,46151945
46111967,46121967,46131967,46141967,46151967
46112030,46122030,46132030,46142030,46152030
46112031,46122031,46132031,46142031,46152031
46112032,46122032,46132032,46142032,46152032
46112045,46122045,46132045,46142045,46152045
46112067,46122067,46132067,46142067,46152067
47111630,47121630,47131630,47141630,47151630
47111631,47121631,47131631,47141631,47151631
47111632,47121632,47131632,47141632,47151632
47111645,47121645,47131645,47141645,47151645
47111667,47121667,47131667,47141667,47151667
47111730,47121730,47131730,47141730,47151730
47111731,47121731,47131731,47141731,47151731
47111732,47121732,47131732,47141732,47151732
47111745,47121745,47131745,47141745,47151745
47111767,47121767,47131767,47141767,47151767
47111830,47121830,47131830,47141830,47151830
47111831,47121831,47131831,47141831,47151831
47111832,47121832,47131832,47141832,47151832
47111845,47121845,47131845,47141845,47151845
47111867,47121867,47131867,47141867,47151867
47111930,47121930,47131930,47141930,47151930
47111931,47121931,47131931,47141931,47151931
47111932,47121932,47131932,47141932,47151932
47111945,47121945,47131945,47141945,47151945
47111967,47121967,47131967,47141967,47151967
47112030,47122030,47132030,47142030,47152030
47112031,47122031,47132031,47142031,47152031
47112032,47122032,47132032,47142032,47152032
47112045,47122045,47132045,47142045,47152045
47112067,47122067,47132067,47142067,47152067
48111630,48121630,48131630,48141630,48151630
48111631,48121631,48131631,48141631,48151631
48111632,48121632,48131632,48141632,48151632
48111645,48121645,48131645,48141645,48151645
48111667,48121667,48131667,48141667,48151667
48111730,48121730,48131730,48141730,48151730
48111731,48121731,48131731,48141731,48151731
48111732,48121732,48131732,48141732,48151732
48111745,48121745,48131745,48141745,48151745
48111767,48121767,48131767,48141767,48151767
48111830,48121830,48131830,48141830,48151830
48111831,48121831,48131831,48141831,48151831
48111832,48121832,48131832,48141832,48151832
48111845,48121845,48131845,48141845,48151845
48111867,48121867,48131867,48141867,48151867
48111930,48121930,48131930,48141930,48151930
48111931,48121931,48131931,48141931,48151931
48111932,48121932,48131932,48141932,48151932
48111945,48121945,48131945,48141945,48151945
48111967,48121967,48131967,48141967,48151967
48112030,48122030,48132030,48142030,48152030
48112031,48122031,48132031,48142031,48152031
48112032,48122032,48132032,48142032,48152032
48112045,48122045,48132045,48142045,48152045
48112067,48122067,48132067,48142067,48152067
49111630,49121630,49131630,49141630,49151630
49111631,49121631,49131631,49141631,49151631
49111632,49121632,49131632,49141632,49151632
49111645,49121645,49131645,49141645,49151645
49111667,49121667,49131667,49141667,49151667
49111730,49121730,49131730,49141730,49151730
49111731,49121731,49131731,49141731,49151731
49111732,49121732,49131732,49141732,49151732
49111745,49121745,49131745,49141745,49151745
49111767,49121767,49131767,49141767,49151767
49111830,49121830,49131830,49141830,49151830
49111831,49121831,49131831,49141831,49151831
49111832,49121832,49131832,49141832,49151832
49111845,49121845,49131845,49141845,49151845
49111867,49121867,49131867,49141867,49151867
49111930,49121930,49131930,49141930,49151930
49111931,49121931,49131931,49141931,49151931
49111932,49121932,49131932,49141932,49151932
49111945,49121945,49131945,49141945,49151945
49111967,49121967,49131967,49141967,49151967
49112030,49122030,49132030,49142030,49152030
49112031,49122031,49132031,49142031,49152031
49112032,49122032,49132032,49142032,49152032
49112045,49122045,49132045,49142045,49152045
49112067,49122067,49132067,49142067,49152067
410111630,410121630,410131630,410141630,410151630
410111631,410121631,410131631,410141631,410151631
410111632,410121632,410131632,410141632,410151632
410111645,410121645,410131645,410141645,410151645
410111667,410121667,410131667,410141667,410151667
410111730,410121730,410131730,410141730,410151730
410111731,410121731,410131731,410141731,410151731
410111732,410121732,410131732,410141732,410151732
410111745,410121745,410131745,410141745,410151745
410111767,410121767,410131767,410141767,410151767
410111830,410121830,410131830,410141830,410151830
410111831,410121831,410131831,410141831,410151831
410111832,410121832,410131832,410141832,410151832
410111845,410121845,410131845,410141845,410151845
410111867,410121867,410131867,410141867,410151867
410111930,410121930,410131930,410141930,410151930
410111931,410121931,410131931,410141931,410151931
410111932,410121932,410131932,410141932,410151932
410111945,410121945,410131945,410141945,410151945
410111967,410121967,410131967,410141967,410151967
410112030,410122030,410132030,410142030,410152030
410112031,410122031,410132031,410142031,410152031
410112032,410122032,410132032,410142032,410152032
410112045,410122045,410132045,410142045,410152045
410112067,410122067,410132067,410142067,410152067
56111630,56121630,56131630,56141630,56151630
56111631,56121631,56131631,56141631,56151631
56111632,56121632,56131632,56141632,56151632
56111645,56121645,56131645,56141645,56151645
56111667,56121667,56131667,56141667,56151667
56111730,56121730,56131730,56141730,56151730
56111731,56121731,56131731,56141731,56151731
56111732,56121732,56131732,56141732,56151732
56111745,56121745,56131745,56141745,56151745
56111767,56121767,56131767,56141767,56151767
56111830,56121830,56131830,56141830,56151830
56111831,56121831,56131831,56141831,56151831
56111832,56121832,56131832,56141832,56151832
56111845,56121845,56131845,56141845,56151845
56111867,56121867,56131867,56141867,56151867
56111930,56121930,56131930,56141930,56151930
56111931,56121931,56131931,56141931,56151931
56111932,56121932,56131932,56141932,56151932
56111945,56121945,56131945,56141945,56151945
56111967,56121967,56131967,56141967,56151967
56112030,56122030,56132030,56142030,56152030
56112031,56122031,56132031,56142031,56152031
56112032,56122032,56132032,56142032,56152032
56112045,56122045,56132045,56142045,56152045
56112067,56122067,56132067,56142067,56152067
57111630,57121630,57131630,57141630,57151630
57111631,57121631,57131631,57141631,57151631
57111632,57121632,57131632,57141632,57151632
57111645,57121645,57131645,57141645,57151645
57111667,57121667,57131667,57141667,57151667
57111730,57121730,57131730,57141730,57151730
57111731,57121731,57131731,57141731,57151731
57111732,57121732,57131732,57141732,57151732
57111745,57121745,57131745,57141745,57151745
57111767,57121767,57131767,57141767,57151767
57111830,57121830,57131830,57141830,57151830
57111831,57121831,57131831,57141831,57151831
57111832,57121832,57131832,57141832,57151832
57111845,57121845,57131845,57141845,57151845
57111867,57121867,57131867,57141867,57151867
57111930,57121930,57131930,57141930,57151930
57111931,57121931,57131931,57141931,57151931
57111932,57121932,57131932,57141932,57151932
57111945,57121945,57131945,57141945,57151945
57111967,57121967,57131967,57141967,57151967
57112030,57122030,57132030,57142030,57152030
57112031,57122031,57132031,57142031,57152031
57112032,57122032,57132032,57142032,57152032
57112045,57122045,57132045,57142045,57152045
57112067,57122067,57132067,57142067,57152067
58111630,58121630,58131630,58141630,58151630
58111631,58121631,58131631,58141631,58151631
58111632,58121632,58131632,58141632,58151632
58111645,58121645,58131645,58141645,58151645
58111667,58121667,58131667,58141667,58151667
58111730,58121730,58131730,58141730,58151730
58111731,58121731,58131731,58141731,58151731
58111732,58121732,58131732,58141732,58151732
58111745,58121745,58131745,58141745,58151745
58111767,58121767,58131767,58141767,58151767
58111830,58121830,58131830,58141830,58151830
58111831,58121831,58131831,58141831,58151831
58111832,58121832,58131832,58141832,58151832
58111845,58121845,58131845,58141845,58151845
58111867,58121867,58131867,58141867,58151867
58111930,58121930,58131930,58141930,58151930
58111931,58121931,58131931,58141931,58151931
58111932,58121932,58131932,58141932,58151932
58111945,58121945,58131945,58141945,58151945
58111967,58121967,58131967,58141967,58151967
58112030,58122030,58132030,58142030,58152030
58112031,58122031,58132031,58142031,58152031
58112032,58122032,58132032,58142032,58152032
58112045,58122045,58132045,58142045,58152045
58112067,58122067,58132067,58142067,58152067
59111630,59121630,59131630,59141630,59151630
59111631,59121631,59131631,59141631,59151631
59111632,59121632,59131632,59141632,59151632
59111645,59121645,59131645,59141645,59151645
59111667,59121667,59131667,59141667,59151667
59111730,59121730,59131730,59141730,59151730
59111731,59121731,59131731,59141731,59151731
59111732,59121732,59131732,59141732,59151732
59111745,59121745,59131745,59141745,59151745
59111767,59121767,59131767,59141767,59151767
59111830,59121830,59131830,59141830,59151830
59111831,59121831,59131831,59141831,59151831
59111832,59121832,59131832,59141832,59151832
59111845,59121845,59131845,59141845,59151845
59111867,59121867,59131867,59141867,59151867
59111930,59121930,59131930,59141930,59151930
59111931,59121931,59131931,59141931,59151931
59111932,59121932,59131932,59141932,59151932
59111945,59121945,59131945,59141945,59151945
59111967,59121967,59131967,59141967,59151967
59112030,59122030,59132030,59142030,59152030
59112031,59122031,59132031,59142031,59152031
59112032,59122032,59132032,59142032,59152032
59112045,59122045,59132045,59142045,59152045
59112067,59122067,59132067,59142067,59152067
510111630,510121630,510131630,510141630,510151630
510111631,510121631,510131631,510141631,510151631
510111632,510121632,510131632,510141632,510151632
510111645,510121645,510131645,510141645,510151645
510111667,510121667,510131667,510141667,510151667
510111730,510121730,510131730,510141730,510151730
510111731,510121731,510131731,510141731,510151731
510111732,510121732,510131732,510141732,510151732
510111745,510121745,510131745,510141745,510151745
510111767,510121767,510131767,510141767,510151767
510111830,510121830,510131830,510141830,510151830
510111831,510121831,510131831,510141831,510151831
510111832,510121832,510131832,510141832,510151832
510111845,510121845,510131845,510141845,510151845
510111867,510121867,510131867,510141867,510151867
510111930,510121930,510131930,510141930,510151930
510111931,510121931,510131931,510141931,510151931
510111932,510121932,510131932,510141932,510151932
510111945,510121945,510131945,510141945,510151945
510111967,510121967,510131967,510141967,510151967
510112030,510122030,510132030,510142030,510152030
510112031,510122031,510132031,510142031,510152031
510112032,510122032,510132032,510142032,510152032
510112045,510122045,510132045,510142045,510152045
510112067,510122067,510132067,510142067,510152067
